{
  "total_customers": 500,
  "total_revenue": 50817689433.73069,
  "average_clv": 522090809.8290088,
  "high_risk_customers": 488,
  "high_value_customers": 407,
  "analysis_timestamp": "2025-06-15T14:19:26.201301"
}
