sentiment,rating_mean,rating_count,confidence_mean
negative,3.0,2,0.9055481160312677
neutral,5.0,1,0.08239242755261511
positive,2.0,2,0.7499985879985349
