sentiment,rating_mean,rating_count,confidence_mean
negative,3.0,2,0.7575872399754595
neutral,1.0,1,0.07343893220466358
positive,4.0,2,0.22372579113637991
