sentiment,rating_mean,rating_count,confidence_mean
negative,3.6666666666666665,3,0.7275087559023637
positive,2.0,2,0.8174821995791272
