{
  "total_customers": 20,
  "segments": {
    "high_value": 12,
    "low_value": 6,
    "medium_value": 2
  },
  "revenue_by_segment": {
    "low_value": 1958.6303389541913,
    "high_value": 17269.403396705813,
    "medium_value": 1628.6412833514405
  },
  "transaction_metrics": {
    "high_value": {
      "count": 50,
      "mean": 101.83272326588006,
      "sum": 5091.636163294003
    },
    "low_value": {
      "count": 34,
      "mean": 108.05883075721012,
      "sum": 3674.000245745144
    },
    "medium_value": {
      "count": 16,
      "mean": 106.78035441158728,
      "sum": 1708.4856705853965
    }
  },
  "generated_at": "2025-05-29T15:55:37.739939"
}
