{
  "completeness": 0.61,
  "validated_records": 61,
  "total_records": 100,
  "value_generated": 242.54675498072956,
  "cost_savings": 450.0,
  "roi": 13.850935099614592,
  "processing_efficiency": 0.5499533066760796
}
