sentiment,rating_mean,rating_count,confidence_mean
negative,1.6666666666666667,3,0.6136162072774052
positive,5.0,2,0.6120680767544898
