Customer,sum,mean,count
Alice,12271,2045.1666666666667,6
Bob,14065,2344.1666666666665,6
Charlie,19424,3237.3333333333335,6
David,18708,2078.6666666666665,9
Eve,10651,2662.75,4
Frank,10444,2611.0,4
Grace,14754,2459.0,6
Henry,24250,2694.4444444444443,9
